Generation,MaxFitness,MinFitness,MeanFitness,StdvFitness,BestItem,BestValue,BestWeight,SolutionsChecked
0,1e-08,1e-08,1e-08,0.0,91.0,84268.3,12176.5,200
1,1e-08,1e-08,1e-08,0.0,85.0,80002.1,10584.7,400
2,1e-08,1e-08,1e-08,0.0,85.0,77698.6,11475.699999999999,600
3,1e-08,1e-08,1e-08,0.0,76.0,70930.29999999999,10329.4,800
4,1e-08,1e-08,1e-08,0.0,70.0,70557.5,8325.2,1000
5,1e-08,1e-08,1e-08,0.0,70.0,70268.4,9234.599999999999,1200
6,1e-08,1e-08,1e-08,0.0,81.0,77565.8,10343.2,1400
7,1e-08,1e-08,1e-08,0.0,76.0,72368.1,10650.0,1600
8,1e-08,1e-08,1e-08,0.0,68.0,61855.3,8631.9,1800
9,1e-08,1e-08,1e-08,0.0,66.0,63433.30000000001,8768.7,2000
10,1e-08,1e-08,1e-08,0.0,88.0,81358.79999999999,10392.2,2200
11,1e-08,1e-08,1e-08,0.0,67.0,61839.5,9129.1,2400
12,1e-08,1e-08,1e-08,0.0,79.0,72051.79999999999,10192.9,2600
13,1e-08,1e-08,1e-08,0.0,76.0,69628.3,10021.2,2800
14,1e-08,1e-08,1e-08,0.0,71.0,66584.9,8982.0,3000
15,1e-08,1e-08,1e-08,0.0,76.0,72697.0,9601.7,3200
16,1e-08,1e-08,1e-08,0.0,77.0,75773.20000000001,10196.1,3400
17,1e-08,1e-08,1e-08,0.0,73.0,70270.0,9898.3,3600
18,1e-08,1e-08,1e-08,0.0,80.0,74802.0,9944.3,3800
19,1e-08,1e-08,1e-08,0.0,68.0,65150.6,9027.699999999999,4000
20,1e-08,1e-08,1e-08,0.0,68.0,63565.9,8989.9,4200
21,1e-08,1e-08,1e-08,0.0,74.0,71016.1,9176.8,4400
22,1e-08,1e-08,1e-08,0.0,78.0,71231.8,9621.2,4600
23,1e-08,1e-08,1e-08,0.0,82.0,84164.5,11350.2,4800
24,1e-08,1e-08,1e-08,0.0,87.0,80639.0,10864.2,5000
25,1e-08,1e-08,1e-08,0.0,77.0,72309.5,9945.7,5200
26,1e-08,1e-08,1e-08,0.0,76.0,73465.40000000001,9876.7,5400
27,1e-08,1e-08,1e-08,0.0,88.0,83135.5,11919.4,5600
28,1e-08,1e-08,1e-08,0.0,64.0,59521.5,7896.7,5800
29,1e-08,1e-08,1e-08,0.0,67.0,62095.9,8590.6,6000
30,1e-08,1e-08,1e-08,0.0,75.0,73735.29999999999,9769.0,6200
31,1e-08,1e-08,1e-08,0.0,85.0,82619.29999999999,11442.9,6400
32,1e-08,1e-08,1e-08,0.0,66.0,62735.7,8655.4,6600
33,1e-08,1e-08,1e-08,0.0,61.0,59995.0,7955.7,6800
34,1e-08,1e-08,1e-08,0.0,66.0,62141.700000000004,8928.9,7000
35,1e-08,1e-08,1e-08,0.0,79.0,76415.20000000001,10284.0,7200
36,1e-08,1e-08,1e-08,0.0,78.0,75294.4,9883.8,7400
37,1e-08,1e-08,1e-08,0.0,83.0,80756.5,11195.0,7600
38,1e-08,1e-08,1e-08,0.0,82.0,74182.7,10444.3,7800
39,1e-08,1e-08,1e-08,0.0,82.0,78679.8,10818.599999999999,8000
40,1e-08,1e-08,1e-08,0.0,83.0,77637.6,10550.8,8200
41,1e-08,1e-08,1e-08,0.0,69.0,65794.90000000001,8889.6,8400
42,1e-08,1e-08,1e-08,0.0,81.0,78863.7,11033.2,8600
43,1e-08,1e-08,1e-08,0.0,64.0,62297.5,7931.0,8800
44,1e-08,1e-08,1e-08,0.0,82.0,77074.9,10254.0,9000
45,1e-08,1e-08,1e-08,0.0,76.0,67354.0,10320.099999999999,9200
46,1e-08,1e-08,1e-08,0.0,73.0,72167.79999999999,9193.2,9400
47,1e-08,1e-08,1e-08,0.0,83.0,72379.1,11371.3,9600
48,1e-08,1e-08,1e-08,0.0,71.0,63221.8,9248.5,9800
49,1e-08,1e-08,1e-08,0.0,83.0,79368.0,11855.4,10000
50,1e-08,1e-08,1e-08,0.0,75.0,63368.0,10042.099999999999,10200
51,1e-08,1e-08,1e-08,0.0,62.0,59224.5,8389.0,10400
52,1e-08,1e-08,1e-08,0.0,78.0,73484.0,9745.1,10600
53,1e-08,1e-08,1e-08,0.0,76.0,72216.20000000001,9708.7,10800
54,1e-08,1e-08,1e-08,0.0,73.0,67226.9,9451.6,11000
55,1e-08,1e-08,1e-08,0.0,72.0,66813.4,9469.8,11200
56,1e-08,1e-08,1e-08,0.0,73.0,65697.6,10127.400000000001,11400
57,1e-08,1e-08,1e-08,0.0,74.0,64305.09999999999,9870.9,11600
58,1e-08,1e-08,1e-08,0.0,70.0,59417.600000000006,8742.6,11800
59,1e-08,1e-08,1e-08,0.0,73.0,64668.200000000004,10453.1,12000
60,1e-08,1e-08,1e-08,0.0,81.0,76084.7,10264.0,12200
61,1e-08,1e-08,1e-08,0.0,70.0,66336.70000000001,9347.599999999999,12400
62,1e-08,1e-08,1e-08,0.0,77.0,71519.70000000001,9952.5,12600
63,1e-08,1e-08,1e-08,0.0,75.0,72862.2,9345.400000000001,12800
64,1e-08,1e-08,1e-08,0.0,78.0,70720.4,9961.2,13000
65,1e-08,1e-08,1e-08,0.0,75.0,69888.9,9783.0,13200
66,1e-08,1e-08,1e-08,0.0,75.0,75367.1,9454.3,13400
67,1e-08,1e-08,1e-08,0.0,73.0,72309.3,9476.4,13600
68,1e-08,1e-08,1e-08,0.0,73.0,67732.7,9386.2,13800
69,1e-08,1e-08,1e-08,0.0,81.0,75791.1,10244.0,14000
70,1e-08,1e-08,1e-08,0.0,77.0,70591.0,9857.0,14200
71,1e-08,1e-08,1e-08,0.0,83.0,78655.7,10216.8,14400
72,1e-08,1e-08,1e-08,0.0,90.0,85914.0,12337.7,14600
73,1e-08,1e-08,1e-08,0.0,78.0,69147.70000000001,10269.899999999998,14800
74,1e-08,1e-08,1e-08,0.0,76.0,77036.8,9667.4,15000
75,1e-08,1e-08,1e-08,0.0,79.0,79743.30000000002,10451.2,15200
76,1e-08,1e-08,1e-08,0.0,81.0,75993.4,10585.900000000001,15400
77,1e-08,1e-08,1e-08,0.0,90.0,86323.1,12396.4,15600
78,1e-08,1e-08,1e-08,0.0,76.0,77691.2,10080.699999999999,15800
79,1e-08,1e-08,1e-08,0.0,83.0,73973.8,10218.800000000001,16000
80,1e-08,1e-08,1e-08,0.0,81.0,76564.6,11001.3,16200
81,1e-08,1e-08,1e-08,0.0,73.0,69570.9,9991.8,16400
82,1e-08,1e-08,1e-08,0.0,79.0,73213.9,10035.5,16600
83,1e-08,1e-08,1e-08,0.0,69.0,66268.2,8599.3,16800
84,1e-08,1e-08,1e-08,0.0,83.0,76824.5,10243.4,17000
85,1e-08,1e-08,1e-08,0.0,73.0,67287.7,9166.599999999999,17200
86,1e-08,1e-08,1e-08,0.0,78.0,73239.0,10243.2,17400
87,1e-08,1e-08,1e-08,0.0,89.0,85824.0,11287.5,17600
88,1e-08,1e-08,1e-08,0.0,70.0,62673.1,9444.6,17800
89,1e-08,1e-08,1e-08,0.0,72.0,70007.8,9322.099999999999,18000
90,1e-08,1e-08,1e-08,0.0,76.0,72486.7,10123.400000000001,18200
91,1e-08,1e-08,1e-08,0.0,88.0,81709.0,11069.7,18400
92,1e-08,1e-08,1e-08,0.0,73.0,69839.79999999999,9948.5,18600
93,1e-08,1e-08,1e-08,0.0,76.0,68508.5,9866.5,18800
94,1e-08,1e-08,1e-08,0.0,72.0,64685.0,9372.7,19000
95,1e-08,1e-08,1e-08,0.0,76.0,75331.4,9251.3,19200
96,1e-08,1e-08,1e-08,0.0,69.0,63106.9,8212.199999999999,19400
97,1e-08,1e-08,1e-08,0.0,75.0,71688.20000000001,10152.3,19600
98,1e-08,1e-08,1e-08,0.0,79.0,74239.20000000001,10109.6,19800
99,1e-08,1e-08,1e-08,0.0,79.0,79716.80000000002,10525.5,20000
100,1e-08,1e-08,1e-08,0.0,74.0,74691.40000000001,9125.1,20200
101,1e-08,1e-08,1e-08,0.0,77.0,71835.1,10171.699999999999,20400
102,1e-08,1e-08,1e-08,0.0,72.0,73244.3,9700.1,20600
103,1e-08,1e-08,1e-08,0.0,81.0,77788.29999999999,10390.3,20800
104,1e-08,1e-08,1e-08,0.0,76.0,69751.5,9913.5,21000
105,1e-08,1e-08,1e-08,0.0,77.0,75553.1,9951.5,21200
106,1e-08,1e-08,1e-08,0.0,78.0,70505.70000000001,9698.0,21400
107,1e-08,1e-08,1e-08,0.0,70.0,63356.600000000006,9415.4,21600
108,1e-08,1e-08,1e-08,0.0,81.0,72338.5,9721.1,21800
109,1e-08,1e-08,1e-08,0.0,76.0,78099.4,10044.3,22000
110,1e-08,1e-08,1e-08,0.0,79.0,73690.20000000001,10636.400000000001,22200
111,1e-08,1e-08,1e-08,0.0,73.0,75107.5,10145.2,22400
112,1e-08,1e-08,1e-08,0.0,84.0,77815.5,10885.0,22600
113,1e-08,1e-08,1e-08,0.0,72.0,71472.9,9880.9,22800
114,1e-08,1e-08,1e-08,0.0,78.0,67164.4,9987.7,23000
115,1e-08,1e-08,1e-08,0.0,79.0,77378.2,10128.2,23200
116,1e-08,1e-08,1e-08,0.0,82.0,78307.1,10930.3,23400
117,1e-08,1e-08,1e-08,0.0,70.0,68367.0,9259.8,23600
118,1e-08,1e-08,1e-08,0.0,65.0,53643.1,7900.499999999999,23800
119,1e-08,1e-08,1e-08,0.0,81.0,78386.5,10722.4,24000
120,1e-08,1e-08,1e-08,0.0,83.0,74888.79999999999,11025.099999999999,24200
121,1e-08,1e-08,1e-08,0.0,82.0,75577.79999999999,11174.900000000001,24400
122,1e-08,1e-08,1e-08,0.0,78.0,74367.1,10140.5,24600
123,1e-08,1e-08,1e-08,0.0,84.0,80693.6,11259.3,24800
124,1e-08,1e-08,1e-08,0.0,77.0,75581.6,10687.6,25000
125,1e-08,1e-08,1e-08,0.0,82.0,75429.5,11125.599999999999,25200
126,1e-08,1e-08,1e-08,0.0,75.0,73630.6,10111.9,25400
127,1e-08,1e-08,1e-08,0.0,77.0,70364.3,9544.599999999999,25600
128,1e-08,1e-08,1e-08,0.0,73.0,71168.90000000001,9183.6,25800
129,1e-08,1e-08,1e-08,0.0,75.0,67875.8,9408.8,26000
130,1e-08,1e-08,1e-08,0.0,71.0,71924.0,9317.9,26200
131,1e-08,1e-08,1e-08,0.0,73.0,69094.7,10086.3,26400
132,1e-08,1e-08,1e-08,0.0,69.0,63730.9,8989.8,26600
133,1e-08,1e-08,1e-08,0.0,83.0,78372.70000000001,11555.1,26800
134,1e-08,1e-08,1e-08,0.0,73.0,69227.09999999999,10466.4,27000
135,1e-08,1e-08,1e-08,0.0,69.0,66758.5,8761.099999999999,27200
136,1e-08,1e-08,1e-08,0.0,73.0,71709.2,9960.8,27400
137,1e-08,1e-08,1e-08,0.0,83.0,77200.3,10875.4,27600
138,1e-08,1e-08,1e-08,0.0,72.0,69939.3,9382.3,27800
139,1e-08,1e-08,1e-08,0.0,76.0,69572.3,10339.3,28000
140,1e-08,1e-08,1e-08,0.0,79.0,72016.9,10036.5,28200
141,1e-08,1e-08,1e-08,0.0,82.0,78378.0,9868.6,28400
142,1e-08,1e-08,1e-08,0.0,81.0,75710.20000000001,10743.0,28600
143,1e-08,1e-08,1e-08,0.0,76.0,70902.4,10240.4,28800
144,1e-08,1e-08,1e-08,0.0,73.0,69351.9,9800.0,29000
145,1e-08,1e-08,1e-08,0.0,78.0,71411.2,9727.8,29200
146,1e-08,1e-08,1e-08,0.0,76.0,72869.9,9255.4,29400
147,1e-08,1e-08,1e-08,0.0,66.0,61225.0,9002.8,29600
148,1e-08,1e-08,1e-08,0.0,84.0,80513.2,11305.4,29800
149,1e-08,1e-08,1e-08,0.0,76.0,69774.5,9938.4,30000
150,1e-08,1e-08,1e-08,0.0,86.0,83409.2,11638.5,30200
151,1e-08,1e-08,1e-08,0.0,88.0,85261.0,11578.900000000001,30400
152,1e-08,1e-08,1e-08,0.0,66.0,62000.5,8781.4,30600
153,1e-08,1e-08,1e-08,0.0,86.0,81678.20000000001,11666.3,30800
154,1e-08,1e-08,1e-08,0.0,75.0,69712.1,10561.099999999999,31000
155,1e-08,1e-08,1e-08,0.0,79.0,77316.2,9949.3,31200
156,1e-08,1e-08,1e-08,0.0,74.0,68743.5,9661.8,31400
157,1e-08,1e-08,1e-08,0.0,80.0,80032.7,10607.7,31600
158,1e-08,1e-08,1e-08,0.0,73.0,70982.70000000001,9367.2,31800
159,1e-08,1e-08,1e-08,0.0,75.0,72983.4,9917.400000000001,32000
160,1e-08,1e-08,1e-08,0.0,67.0,65697.2,8975.900000000001,32200
161,1e-08,1e-08,1e-08,0.0,69.0,67573.9,8643.0,32400
162,1e-08,1e-08,1e-08,0.0,73.0,69203.79999999999,10138.400000000001,32600
163,1e-08,1e-08,1e-08,0.0,68.0,65146.7,9478.8,32800
164,1e-08,1e-08,1e-08,0.0,82.0,74556.29999999999,10580.0,33000
165,1e-08,1e-08,1e-08,0.0,77.0,73637.6,9934.400000000001,33200
166,1e-08,1e-08,1e-08,0.0,85.0,81045.6,10467.3,33400
167,1e-08,1e-08,1e-08,0.0,74.0,72131.5,9849.5,33600
168,1e-08,1e-08,1e-08,0.0,70.0,62826.6,9376.8,33800
169,1e-08,1e-08,1e-08,0.0,61.0,56161.2,8844.4,34000
170,1e-08,1e-08,1e-08,0.0,80.0,75867.7,10791.699999999999,34200
171,1e-08,1e-08,1e-08,0.0,80.0,71878.5,10667.7,34400
172,1e-08,1e-08,1e-08,0.0,81.0,79646.1,11159.0,34600
173,1e-08,1e-08,1e-08,0.0,70.0,68645.8,9872.3,34800
174,1e-08,1e-08,1e-08,0.0,76.0,66855.6,9551.2,35000
175,1e-08,1e-08,1e-08,0.0,58.0,56390.8,7231.7,35200
176,1e-08,1e-08,1e-08,0.0,75.0,71008.00000000001,9371.400000000001,35400
177,1e-08,1e-08,1e-08,0.0,80.0,74708.5,10703.399999999998,35600
178,1e-08,1e-08,1e-08,0.0,87.0,79543.8,11313.0,35800
179,1e-08,1e-08,1e-08,0.0,78.0,70767.5,9928.4,36000
180,1e-08,1e-08,1e-08,0.0,78.0,74235.40000000001,10716.4,36200
181,1e-08,1e-08,1e-08,0.0,67.0,63060.200000000004,9270.099999999999,36400
182,1e-08,1e-08,1e-08,0.0,84.0,77181.20000000001,10413.3,36600
183,1e-08,1e-08,1e-08,0.0,76.0,73210.20000000001,9732.4,36800
184,1e-08,1e-08,1e-08,0.0,80.0,77211.20000000001,10429.7,37000
185,1e-08,1e-08,1e-08,0.0,68.0,68730.4,8850.6,37200
186,1e-08,1e-08,1e-08,0.0,73.0,67158.0,9069.3,37400
187,1e-08,1e-08,1e-08,0.0,71.0,68494.3,9160.6,37600
188,1e-08,1e-08,1e-08,0.0,81.0,76560.1,10424.2,37800
189,1e-08,1e-08,1e-08,0.0,74.0,71251.20000000001,9820.1,38000
190,1e-08,1e-08,1e-08,0.0,62.0,53949.0,7512.0,38200
191,1e-08,1e-08,1e-08,0.0,81.0,77770.40000000001,10474.4,38400
192,1e-08,1e-08,1e-08,0.0,77.0,67811.40000000001,10420.699999999999,38600
193,1e-08,1e-08,1e-08,0.0,76.0,70436.1,10216.0,38800
194,1e-08,1e-08,1e-08,0.0,82.0,79961.29999999999,11178.3,39000
195,1e-08,1e-08,1e-08,0.0,84.0,77726.0,11243.7,39200
196,1e-08,1e-08,1e-08,0.0,76.0,76375.9,10235.400000000001,39400
197,1e-08,1e-08,1e-08,0.0,71.0,68230.79999999999,9403.7,39600
198,1e-08,1e-08,1e-08,0.0,77.0,76741.6,9629.9,39800
199,1e-08,1e-08,1e-08,0.0,73.0,70278.1,9797.5,40000
200,1e-08,1e-08,1e-08,0.0,85.0,78133.4,10943.7,40200
201,1e-08,1e-08,1e-08,0.0,79.0,73523.0,10257.8,40400
202,1e-08,1e-08,1e-08,0.0,78.0,77966.2,9580.2,40600
203,1e-08,1e-08,1e-08,0.0,80.0,74844.4,9538.6,40800
204,1e-08,1e-08,1e-08,0.0,67.0,65424.50000000001,9111.9,41000
205,1e-08,1e-08,1e-08,0.0,78.0,72518.1,10076.8,41200
206,1e-08,1e-08,1e-08,0.0,77.0,70845.79999999999,10026.8,41400
207,1e-08,1e-08,1e-08,0.0,71.0,69727.3,9509.5,41600
208,1e-08,1e-08,1e-08,0.0,75.0,68285.29999999999,9356.099999999999,41800
209,1e-08,1e-08,1e-08,0.0,76.0,70481.7,9253.099999999999,42000
210,1e-08,1e-08,1e-08,0.0,73.0,69393.4,9159.599999999999,42200
211,1e-08,1e-08,1e-08,0.0,76.0,72825.4,9944.9,42400
212,1e-08,1e-08,1e-08,0.0,77.0,73729.8,10628.8,42600
213,1e-08,1e-08,1e-08,0.0,81.0,72769.6,11072.900000000001,42800
214,1e-08,1e-08,1e-08,0.0,75.0,71932.7,9713.400000000001,43000
215,1e-08,1e-08,1e-08,0.0,73.0,69978.5,9348.5,43200
216,1e-08,1e-08,1e-08,0.0,75.0,68431.0,9797.3,43400
217,1e-08,1e-08,1e-08,0.0,72.0,68318.7,9131.2,43600
218,1e-08,1e-08,1e-08,0.0,73.0,69285.7,8560.0,43800
219,1e-08,1e-08,1e-08,0.0,81.0,78607.1,11161.900000000001,44000
220,1e-08,1e-08,1e-08,0.0,74.0,71068.79999999999,9338.699999999999,44200
221,1e-08,1e-08,1e-08,0.0,77.0,71993.4,10076.5,44400
222,1e-08,1e-08,1e-08,0.0,65.0,59304.399999999994,8268.3,44600
223,1e-08,1e-08,1e-08,0.0,67.0,66657.1,9076.1,44800
224,1e-08,1e-08,1e-08,0.0,78.0,70651.7,10289.3,45000
225,1e-08,1e-08,1e-08,0.0,77.0,69397.7,10404.3,45200
226,1e-08,1e-08,1e-08,0.0,61.0,59266.8,7602.9,45400
227,1e-08,1e-08,1e-08,0.0,80.0,77494.1,10609.099999999999,45600
228,1e-08,1e-08,1e-08,0.0,78.0,74579.3,10317.4,45800
229,1e-08,1e-08,1e-08,0.0,74.0,68897.79999999999,10031.3,46000
230,1e-08,1e-08,1e-08,0.0,66.0,63149.4,8762.6,46200
231,1e-08,1e-08,1e-08,0.0,80.0,74635.40000000001,10326.5,46400
232,1e-08,1e-08,1e-08,0.0,77.0,74251.8,10621.5,46600
233,1e-08,1e-08,1e-08,0.0,76.0,72342.2,10261.099999999999,46800
234,1e-08,1e-08,1e-08,0.0,69.0,68710.0,8960.5,47000
235,1e-08,1e-08,1e-08,0.0,69.0,67671.5,9522.6,47200
236,1e-08,1e-08,1e-08,0.0,86.0,83488.29999999999,11264.8,47400
237,1e-08,1e-08,1e-08,0.0,82.0,82484.1,11438.0,47600
238,1e-08,1e-08,1e-08,0.0,65.0,62808.700000000004,7690.0,47800
239,1e-08,1e-08,1e-08,0.0,85.0,82977.1,11232.099999999999,48000
240,1e-08,1e-08,1e-08,0.0,79.0,72442.5,9521.5,48200
241,1e-08,1e-08,1e-08,0.0,79.0,76465.20000000001,10039.400000000001,48400
242,1e-08,1e-08,1e-08,0.0,77.0,74735.8,9779.099999999999,48600
243,1e-08,1e-08,1e-08,0.0,78.0,75898.70000000001,10813.6,48800
244,1e-08,1e-08,1e-08,0.0,73.0,70504.4,10033.400000000001,49000
245,1e-08,1e-08,1e-08,0.0,72.0,72346.20000000001,10158.4,49200
246,1e-08,1e-08,1e-08,0.0,64.0,60243.0,8031.5,49400
247,1e-08,1e-08,1e-08,0.0,72.0,68967.79999999999,8943.099999999999,49600
248,1e-08,1e-08,1e-08,0.0,82.0,81711.3,11107.499999999998,49800
249,1e-08,1e-08,1e-08,0.0,75.0,70899.8,10091.3,50000
250,1e-08,1e-08,1e-08,0.0,68.0,63564.200000000004,8551.2,50200
251,1e-08,1e-08,1e-08,0.0,64.0,61487.5,8934.4,50400
252,1e-08,1e-08,1e-08,0.0,71.0,69281.70000000001,9270.7,50600
253,1e-08,1e-08,1e-08,0.0,68.0,62858.200000000004,8271.8,50800
254,1e-08,1e-08,1e-08,0.0,79.0,77795.2,10490.5,51000
255,1e-08,1e-08,1e-08,0.0,78.0,75121.70000000001,10118.599999999999,51200
256,1e-08,1e-08,1e-08,0.0,62.0,57096.899999999994,8973.300000000001,51400
257,1e-08,1e-08,1e-08,0.0,75.0,69148.6,9947.6,51600
258,1e-08,1e-08,1e-08,0.0,75.0,68382.1,9968.900000000001,51800
259,1e-08,1e-08,1e-08,0.0,76.0,77327.1,10526.199999999999,52000
260,1e-08,1e-08,1e-08,0.0,65.0,61025.299999999996,8329.2,52200
261,1e-08,1e-08,1e-08,0.0,72.0,64574.700000000004,9525.4,52400
262,1e-08,1e-08,1e-08,0.0,69.0,60884.99999999999,9211.7,52600
263,1e-08,1e-08,1e-08,0.0,80.0,77004.6,10191.4,52800
264,1e-08,1e-08,1e-08,0.0,75.0,71932.8,9642.0,53000
265,1e-08,1e-08,1e-08,0.0,74.0,70214.29999999999,10510.3,53200
266,1e-08,1e-08,1e-08,0.0,78.0,70224.4,10687.199999999999,53400
267,1e-08,1e-08,1e-08,0.0,77.0,71849.8,10330.0,53600
268,1e-08,1e-08,1e-08,0.0,78.0,78250.8,9852.0,53800
269,1e-08,1e-08,1e-08,0.0,75.0,74713.1,9915.4,54000
270,1e-08,1e-08,1e-08,0.0,64.0,64152.8,8462.3,54200
271,1e-08,1e-08,1e-08,0.0,88.0,82694.1,12202.5,54400
272,1e-08,1e-08,1e-08,0.0,75.0,68860.0,9276.999999999998,54600
273,1e-08,1e-08,1e-08,0.0,87.0,79958.09999999999,11508.399999999998,54800
274,1e-08,1e-08,1e-08,0.0,71.0,66950.6,9548.900000000001,55000
275,1e-08,1e-08,1e-08,0.0,78.0,72976.3,10450.0,55200
276,1e-08,1e-08,1e-08,0.0,78.0,72103.0,10256.1,55400
277,1e-08,1e-08,1e-08,0.0,68.0,63381.700000000004,9196.7,55600
278,1e-08,1e-08,1e-08,0.0,70.0,65510.100000000006,8559.199999999999,55800
279,1e-08,1e-08,1e-08,0.0,74.0,72132.20000000001,9871.7,56000
280,1e-08,1e-08,1e-08,0.0,66.0,56597.8,7781.200000000001,56200
281,1e-08,1e-08,1e-08,0.0,77.0,66823.0,10124.9,56400
282,1e-08,1e-08,1e-08,0.0,81.0,76244.1,10872.0,56600
283,1e-08,1e-08,1e-08,0.0,76.0,76656.7,10336.8,56800
284,1e-08,1e-08,1e-08,0.0,67.0,61664.7,9492.8,57000
285,1e-08,1e-08,1e-08,0.0,69.0,64701.40000000001,9076.5,57200
286,1e-08,1e-08,1e-08,0.0,78.0,70349.6,9710.099999999999,57400
287,1e-08,1e-08,1e-08,0.0,69.0,66927.8,8277.5,57600
288,1e-08,1e-08,1e-08,0.0,76.0,68042.4,9700.3,57800
289,1e-08,1e-08,1e-08,0.0,72.0,65430.200000000004,9436.400000000001,58000
290,1e-08,1e-08,1e-08,0.0,82.0,78060.2,10779.5,58200
291,1e-08,1e-08,1e-08,0.0,80.0,70129.5,9691.1,58400
292,1e-08,1e-08,1e-08,0.0,82.0,80881.20000000001,10678.7,58600
293,1e-08,1e-08,1e-08,0.0,77.0,71120.79999999999,10289.099999999999,58800
294,1e-08,1e-08,1e-08,0.0,72.0,68923.1,9949.0,59000
295,1e-08,1e-08,1e-08,0.0,75.0,69641.9,10267.5,59200
296,1e-08,1e-08,1e-08,0.0,83.0,79240.6,11040.9,59400
297,1e-08,1e-08,1e-08,0.0,79.0,73182.2,10360.900000000001,59600
298,1e-08,1e-08,1e-08,0.0,76.0,72741.70000000001,9930.5,59800
299,1e-08,1e-08,1e-08,0.0,83.0,80868.1,10818.8,60000
300,1e-08,1e-08,1e-08,0.0,74.0,66551.5,9114.2,60200
301,1e-08,1e-08,1e-08,0.0,71.0,65123.2,9226.5,60400
302,1e-08,1e-08,1e-08,0.0,74.0,70757.6,9540.5,60600
303,1e-08,1e-08,1e-08,0.0,69.0,66065.6,9251.5,60800
304,1e-08,1e-08,1e-08,0.0,78.0,74433.40000000001,10884.5,61000
305,1e-08,1e-08,1e-08,0.0,75.0,73179.8,10186.4,61200
306,1e-08,1e-08,1e-08,0.0,66.0,64744.7,7996.799999999999,61400
307,1e-08,1e-08,1e-08,0.0,74.0,70262.0,9577.6,61600
308,1e-08,1e-08,1e-08,0.0,80.0,75721.5,10000.0,61800
309,1e-08,1e-08,1e-08,0.0,78.0,75543.5,10210.5,62000
310,1e-08,1e-08,1e-08,0.0,74.0,69806.9,9560.5,62200
311,1e-08,1e-08,1e-08,0.0,71.0,68291.1,9339.1,62400
312,1e-08,1e-08,1e-08,0.0,73.0,70516.5,8689.099999999999,62600
313,1e-08,1e-08,1e-08,0.0,76.0,70105.29999999999,9944.099999999999,62800
314,1e-08,1e-08,1e-08,0.0,63.0,59003.399999999994,8443.2,63000
315,1e-08,1e-08,1e-08,0.0,74.0,72846.5,9273.900000000001,63200
316,1e-08,1e-08,1e-08,0.0,78.0,71282.7,9829.2,63400
317,1e-08,1e-08,1e-08,0.0,75.0,72026.5,10122.0,63600
318,1e-08,1e-08,1e-08,0.0,78.0,73247.4,10703.8,63800
319,1e-08,1e-08,1e-08,0.0,81.0,79475.0,11276.6,64000
320,1e-08,1e-08,1e-08,0.0,79.0,71797.5,10203.400000000001,64200
321,1e-08,1e-08,1e-08,0.0,69.0,64620.3,9368.900000000001,64400
322,1e-08,1e-08,1e-08,0.0,77.0,69685.0,9643.7,64600
323,1e-08,1e-08,1e-08,0.0,75.0,70050.5,9814.400000000001,64800
324,1e-08,1e-08,1e-08,0.0,71.0,68620.5,9563.0,65000
325,1e-08,1e-08,1e-08,0.0,73.0,65381.4,9964.900000000001,65200
326,1e-08,1e-08,1e-08,0.0,76.0,75847.59999999999,10122.8,65400
327,1e-08,1e-08,1e-08,0.0,82.0,75459.29999999999,11610.599999999999,65600
328,1e-08,1e-08,1e-08,0.0,78.0,78108.4,10341.1,65800
329,1e-08,1e-08,1e-08,0.0,75.0,69466.5,9822.1,66000
330,1e-08,1e-08,1e-08,0.0,71.0,67463.1,9593.3,66200
331,1e-08,1e-08,1e-08,0.0,78.0,75120.4,9564.2,66400
332,1e-08,1e-08,1e-08,0.0,75.0,69475.5,9477.8,66600
333,1e-08,1e-08,1e-08,0.0,72.0,69178.90000000001,9135.399999999998,66800
334,1e-08,1e-08,1e-08,0.0,80.0,77411.2,10647.4,67000
335,1e-08,1e-08,1e-08,0.0,83.0,81959.20000000001,10948.599999999999,67200
336,1e-08,1e-08,1e-08,0.0,78.0,76932.5,10571.9,67400
337,1e-08,1e-08,1e-08,0.0,83.0,79597.3,11099.4,67600
338,1e-08,1e-08,1e-08,0.0,65.0,57807.8,8075.9,67800
339,1e-08,1e-08,1e-08,0.0,70.0,67980.5,8586.8,68000
340,1e-08,1e-08,1e-08,0.0,78.0,77053.2,10342.9,68200
341,1e-08,1e-08,1e-08,0.0,73.0,71064.5,9440.5,68400
342,1e-08,1e-08,1e-08,0.0,77.0,72791.90000000001,9588.3,68600
343,1e-08,1e-08,1e-08,0.0,76.0,69346.79999999999,9484.3,68800
344,1e-08,1e-08,1e-08,0.0,78.0,70577.3,10446.4,69000
345,1e-08,1e-08,1e-08,0.0,68.0,65772.5,8992.0,69200
346,1e-08,1e-08,1e-08,0.0,81.0,77079.5,10889.400000000001,69400
347,1e-08,1e-08,1e-08,0.0,79.0,76219.9,10510.5,69600
348,1e-08,1e-08,1e-08,0.0,79.0,75586.6,10423.099999999999,69800
349,1e-08,1e-08,1e-08,0.0,85.0,76516.8,10496.3,70000
350,1e-08,1e-08,1e-08,0.0,66.0,61173.5,7934.1,70200
351,1e-08,1e-08,1e-08,0.0,77.0,73169.5,10256.5,70400
352,1e-08,1e-08,1e-08,0.0,88.0,81048.7,10695.5,70600
353,1e-08,1e-08,1e-08,0.0,66.0,60764.2,8536.4,70800
354,1e-08,1e-08,1e-08,0.0,79.0,71950.40000000001,10278.8,71000
355,1e-08,1e-08,1e-08,0.0,72.0,71441.3,9879.6,71200
356,1e-08,1e-08,1e-08,0.0,74.0,68177.9,9524.7,71400
357,1e-08,1e-08,1e-08,0.0,77.0,72238.6,10024.900000000001,71600
358,1e-08,1e-08,1e-08,0.0,70.0,63701.40000000001,9685.099999999999,71800
359,1e-08,1e-08,1e-08,0.0,74.0,73298.6,8818.900000000001,72000
360,1e-08,1e-08,1e-08,0.0,77.0,74895.9,10500.3,72200
361,1e-08,1e-08,1e-08,0.0,70.0,63865.5,8010.8,72400
362,1e-08,1e-08,1e-08,0.0,78.0,74780.5,10676.1,72600
363,1e-08,1e-08,1e-08,0.0,85.0,80929.6,11023.9,72800
364,1e-08,1e-08,1e-08,0.0,78.0,78073.1,10394.3,73000
365,1e-08,1e-08,1e-08,0.0,65.0,60234.4,8910.699999999999,73200
366,1e-08,1e-08,1e-08,0.0,83.0,84494.20000000001,11322.599999999999,73400
367,1e-08,1e-08,1e-08,0.0,67.0,63420.6,8896.199999999999,73600
368,1e-08,1e-08,1e-08,0.0,76.0,73975.5,10244.7,73800
369,1e-08,1e-08,1e-08,0.0,70.0,67189.09999999999,9202.0,74000
370,1e-08,1e-08,1e-08,0.0,88.0,85460.70000000001,11703.899999999998,74200
371,1e-08,1e-08,1e-08,0.0,68.0,60777.7,9034.8,74400
372,1e-08,1e-08,1e-08,0.0,88.0,81274.4,11278.0,74600
373,1e-08,1e-08,1e-08,0.0,70.0,65196.7,9402.8,74800
374,1e-08,1e-08,1e-08,0.0,68.0,65090.99999999999,8980.2,75000
375,1e-08,1e-08,1e-08,0.0,74.0,70537.3,9921.5,75200
376,1e-08,1e-08,1e-08,0.0,76.0,73327.4,9399.599999999999,75400
377,1e-08,1e-08,1e-08,0.0,79.0,77084.2,10629.5,75600
378,1e-08,1e-08,1e-08,0.0,68.0,65673.3,9372.599999999999,75800
379,1e-08,1e-08,1e-08,0.0,75.0,71951.1,10077.0,76000
380,1e-08,1e-08,1e-08,0.0,72.0,69520.6,9317.2,76200
381,1e-08,1e-08,1e-08,0.0,62.0,57822.0,8135.2,76400
382,1e-08,1e-08,1e-08,0.0,72.0,69157.7,9119.4,76600
383,1e-08,1e-08,1e-08,0.0,76.0,75168.9,9883.2,76800
384,1e-08,1e-08,1e-08,0.0,79.0,77390.0,10688.1,77000
385,1e-08,1e-08,1e-08,0.0,75.0,69244.2,10013.2,77200
386,1e-08,1e-08,1e-08,0.0,85.0,83469.9,11060.6,77400
387,1e-08,1e-08,1e-08,0.0,77.0,74403.0,10140.599999999999,77600
388,1e-08,1e-08,1e-08,0.0,81.0,78747.6,10243.9,77800
389,1e-08,1e-08,1e-08,0.0,70.0,61731.4,9556.699999999999,78000
390,1e-08,1e-08,1e-08,0.0,82.0,80110.1,10413.599999999999,78200
391,1e-08,1e-08,1e-08,0.0,80.0,75283.5,10247.900000000001,78400
392,1e-08,1e-08,1e-08,0.0,66.0,62617.5,8591.2,78600
393,1e-08,1e-08,1e-08,0.0,84.0,79424.70000000001,10910.0,78800
394,1e-08,1e-08,1e-08,0.0,73.0,68101.3,9934.4,79000
395,1e-08,1e-08,1e-08,0.0,82.0,78810.3,10555.400000000001,79200
396,1e-08,1e-08,1e-08,0.0,72.0,68889.7,9002.8,79400
397,1e-08,1e-08,1e-08,0.0,79.0,74290.0,10636.400000000001,79600
398,1e-08,1e-08,1e-08,0.0,80.0,76680.20000000001,9388.699999999999,79800
399,1e-08,1e-08,1e-08,0.0,91.0,87293.20000000001,12175.9,80000
400,1e-08,1e-08,1e-08,0.0,80.0,73415.4,10747.7,80200
401,1e-08,1e-08,1e-08,0.0,78.0,72864.5,10521.7,80400
402,1e-08,1e-08,1e-08,0.0,80.0,77398.9,10751.099999999999,80600
403,1e-08,1e-08,1e-08,0.0,83.0,79445.5,10894.0,80800
404,1e-08,1e-08,1e-08,0.0,73.0,71031.5,9715.8,81000
405,1e-08,1e-08,1e-08,0.0,70.0,62870.899999999994,9518.099999999999,81200
406,1e-08,1e-08,1e-08,0.0,69.0,65000.700000000004,8858.900000000001,81400
407,1e-08,1e-08,1e-08,0.0,79.0,74015.2,11130.400000000001,81600
408,1e-08,1e-08,1e-08,0.0,74.0,73029.2,10109.9,81800
409,1e-08,1e-08,1e-08,0.0,75.0,67321.09999999999,9267.900000000001,82000
410,1e-08,1e-08,1e-08,0.0,72.0,66466.1,9455.3,82200
411,1e-08,1e-08,1e-08,0.0,74.0,75691.0,10505.599999999999,82400
412,1e-08,1e-08,1e-08,0.0,72.0,69732.9,9685.400000000001,82600
413,1e-08,1e-08,1e-08,0.0,68.0,64214.200000000004,8985.9,82800
414,1e-08,1e-08,1e-08,0.0,72.0,68709.2,9029.0,83000
415,1e-08,1e-08,1e-08,0.0,82.0,77364.7,10541.8,83200
416,1e-08,1e-08,1e-08,0.0,77.0,71669.09999999999,9689.0,83400
417,1e-08,1e-08,1e-08,0.0,67.0,63142.70000000001,8656.199999999999,83600
418,1e-08,1e-08,1e-08,0.0,76.0,67337.1,10896.5,83800
419,1e-08,1e-08,1e-08,0.0,73.0,70429.0,9800.399999999998,84000
420,1e-08,1e-08,1e-08,0.0,72.0,70381.5,9869.2,84200
421,1e-08,1e-08,1e-08,0.0,68.0,62834.0,8359.3,84400
422,1e-08,1e-08,1e-08,0.0,64.0,64189.5,9117.7,84600
423,1e-08,1e-08,1e-08,0.0,71.0,69188.7,9984.099999999999,84800
424,1e-08,1e-08,1e-08,0.0,66.0,65885.9,9117.7,85000
425,1e-08,1e-08,1e-08,0.0,70.0,63426.3,9149.4,85200
426,1e-08,1e-08,1e-08,0.0,67.0,60580.1,8395.9,85400
427,1e-08,1e-08,1e-08,0.0,71.0,66963.0,9068.4,85600
428,1e-08,1e-08,1e-08,0.0,67.0,64352.600000000006,7867.4,85800
429,1e-08,1e-08,1e-08,0.0,63.0,59313.1,7787.5,86000
430,1e-08,1e-08,1e-08,0.0,64.0,65392.7,8807.1,86200
431,1e-08,1e-08,1e-08,0.0,67.0,61088.200000000004,8729.4,86400
432,1e-08,1e-08,1e-08,0.0,83.0,77501.5,9540.3,86600
433,1e-08,1e-08,1e-08,0.0,80.0,78652.7,10822.5,86800
434,1e-08,1e-08,1e-08,0.0,76.0,70937.8,10242.0,87000
435,1e-08,1e-08,1e-08,0.0,70.0,63680.399999999994,8695.0,87200
436,1e-08,1e-08,1e-08,0.0,86.0,82625.9,11522.8,87400
437,1e-08,1e-08,1e-08,0.0,59.0,58650.0,7747.299999999999,87600
438,1e-08,1e-08,1e-08,0.0,75.0,71710.20000000001,9486.2,87800
439,1e-08,1e-08,1e-08,0.0,73.0,70811.4,9456.7,88000
440,1e-08,1e-08,1e-08,0.0,78.0,74715.4,10169.0,88200
441,1e-08,1e-08,1e-08,0.0,76.0,73830.4,9118.4,88400
442,1e-08,1e-08,1e-08,0.0,74.0,71807.5,10099.7,88600
443,1e-08,1e-08,1e-08,0.0,62.0,59798.399999999994,8094.200000000001,88800
444,1e-08,1e-08,1e-08,0.0,67.0,61930.3,8916.5,89000
445,1e-08,1e-08,1e-08,0.0,80.0,70910.6,10293.900000000001,89200
446,1e-08,1e-08,1e-08,0.0,65.0,61341.8,8557.0,89400
447,1e-08,1e-08,1e-08,0.0,71.0,70914.20000000001,9440.9,89600
448,1e-08,1e-08,1e-08,0.0,67.0,62253.09999999999,8534.2,89800
449,1e-08,1e-08,1e-08,0.0,76.0,71978.9,9324.8,90000
450,1e-08,1e-08,1e-08,0.0,77.0,73761.7,9399.3,90200
451,1e-08,1e-08,1e-08,0.0,76.0,68205.0,10214.6,90400
452,1e-08,1e-08,1e-08,0.0,78.0,73990.0,9368.7,90600
453,1e-08,1e-08,1e-08,0.0,73.0,66535.4,8953.8,90800
454,1e-08,1e-08,1e-08,0.0,83.0,80333.8,10147.0,91000
455,1e-08,1e-08,1e-08,0.0,74.0,72093.5,9541.3,91200
456,1e-08,1e-08,1e-08,0.0,79.0,74194.5,10669.8,91400
457,1e-08,1e-08,1e-08,0.0,76.0,71532.8,10653.599999999999,91600
458,1e-08,1e-08,1e-08,0.0,76.0,73314.59999999999,9814.300000000001,91800
459,1e-08,1e-08,1e-08,0.0,71.0,63834.4,9794.2,92000
460,1e-08,1e-08,1e-08,0.0,73.0,70336.2,9689.6,92200
461,1e-08,1e-08,1e-08,0.0,84.0,79367.1,10958.6,92400
462,1e-08,1e-08,1e-08,0.0,81.0,77290.6,10871.0,92600
463,1e-08,1e-08,1e-08,0.0,84.0,82735.8,11068.599999999999,92800
464,1e-08,1e-08,1e-08,0.0,80.0,72540.79999999999,9567.7,93000
465,1e-08,1e-08,1e-08,0.0,87.0,83099.4,11214.9,93200
466,1e-08,1e-08,1e-08,0.0,75.0,71519.9,9864.199999999999,93400
467,1e-08,1e-08,1e-08,0.0,85.0,79671.1,10418.699999999999,93600
468,1e-08,1e-08,1e-08,0.0,86.0,76010.5,11894.1,93800
469,1e-08,1e-08,1e-08,0.0,79.0,76982.3,10376.5,94000
470,1e-08,1e-08,1e-08,0.0,77.0,73533.7,9955.599999999999,94200
471,1e-08,1e-08,1e-08,0.0,74.0,73480.0,10251.3,94400
472,1e-08,1e-08,1e-08,0.0,68.0,64162.3,9166.4,94600
473,1e-08,1e-08,1e-08,0.0,66.0,57971.3,8744.099999999999,94800
474,1e-08,1e-08,1e-08,0.0,77.0,71944.5,10059.0,95000
475,1e-08,1e-08,1e-08,0.0,75.0,72214.4,10007.099999999999,95200
476,1e-08,1e-08,1e-08,0.0,68.0,65899.90000000001,9162.3,95400
477,1e-08,1e-08,1e-08,0.0,74.0,73876.5,9734.699999999999,95600
478,1e-08,1e-08,1e-08,0.0,86.0,83727.8,11376.8,95800
479,1e-08,1e-08,1e-08,0.0,75.0,71296.0,9739.6,96000
480,1e-08,1e-08,1e-08,0.0,72.0,70018.0,9579.4,96200
481,1e-08,1e-08,1e-08,0.0,74.0,72648.2,9560.4,96400
482,1e-08,1e-08,1e-08,0.0,72.0,74301.8,9404.7,96600
483,1e-08,1e-08,1e-08,0.0,72.0,69817.6,9540.9,96800
484,1e-08,1e-08,1e-08,0.0,74.0,70776.7,9739.199999999999,97000
485,1e-08,1e-08,1e-08,0.0,70.0,64393.600000000006,9432.4,97200
486,1e-08,1e-08,1e-08,0.0,74.0,69133.1,9431.599999999999,97400
487,1e-08,1e-08,1e-08,0.0,76.0,73483.5,10315.8,97600
488,1e-08,1e-08,1e-08,0.0,76.0,74635.9,9744.900000000001,97800
489,1e-08,1e-08,1e-08,0.0,68.0,59215.7,8430.1,98000
490,1e-08,1e-08,1e-08,0.0,79.0,77832.3,10744.4,98200
491,1e-08,1e-08,1e-08,0.0,70.0,72524.3,8903.3,98400
492,1e-08,1e-08,1e-08,0.0,79.0,73649.3,10303.7,98600
493,1e-08,1e-08,1e-08,0.0,77.0,76672.59999999999,10276.0,98800
494,1e-08,1e-08,1e-08,0.0,74.0,69813.5,9130.099999999999,99000
495,1e-08,1e-08,1e-08,0.0,78.0,73316.29999999999,10970.8,99200
496,1e-08,1e-08,1e-08,0.0,74.0,68731.0,10449.9,99400
497,1e-08,1e-08,1e-08,0.0,79.0,77654.70000000001,10057.0,99600
498,1e-08,1e-08,1e-08,0.0,83.0,79741.5,11225.9,99800
499,1e-08,1e-08,1e-08,0.0,88.0,82500.7,10535.3,100000
500,1e-08,1e-08,1e-08,0.0,66.0,62195.9,9400.5,100200
